人员编号,姓名,国籍,性别,出生年,出生月,出生日
1,aesfd,2,男,1942,8,10
2,fasefa,5,女,1985,10,4
3,aeagd,4,女,1946,10,15
4,aef,4,男,1999,5,13
5,eaf,1,女,2010,6,24
6,faefdf,1,男,1942,1,21
7,daf,4,女,1957,11,5
8,faefdf,3,男,1998,4,8
9,fs,3,女,1957,4,14
10,faefdffa,3,女,1988,9,15
11,arege,4,男,1933,4,12
12,ase,3,女,1941,6,18
13,fasf,3,男,1987,7,3
14,gfa,5,女,1967,10,3
15,asf,3,男,1990,10,20
16,eter,4,男,2001,2,13
17,esf,4,女,1987,4,28
18,srgdsrg,5,男,1993,8,12
19,aefase,4,男,1935,10,2
20,szf,1,女,1936,6,3
21,eae,2,女,1934,2,28
22,dsrgdrg,4,男,1968,7,4
23,ggase,4,女,1994,9,3
24,hgdrg,1,女,1991,5,27
25,fef,3,男,1945,3,11
26,zsgdrhdth,4,女,1941,7,16
27,gfe,4,女,1977,4,26
28,esfa,4,女,1998,1,3
29,efaeg,3,女,1934,9,18
30,fasef,1,男,1980,6,24
31,sef,4,女,1989,10,26
32,asg,2,女,2009,3,27
33,saef,1,男,1996,6,10
34,sfaefaef,3,女,1943,4,3
35,gdsg,5,女,1981,3,10
36,esfe,3,女,2001,2,27
37,fae,5,男,1960,6,11
38,eafe,3,女,1970,5,12
39,ef,2,女,1940,6,12
40,sdrg,1,男,1940,1,11
41,sfe,5,女,1960,6,27
42,aegaef,5,女,2000,12,14
43,afaege,1,女,1979,1,1
44,feg,2,男,1961,1,18
45,afaege,5,女,1970,2,20
46,sdrg,5,女,1974,8,14
47,aef,1,男,2007,3,4
48,awf,2,男,1975,3,11
49,ae,4,女,1983,5,26
50,sef,1,女,1994,11,27
51,sef,2,男,1933,2,25
52,dth,2,女,1992,12,16
53,dth,2,女,1945,2,26
54,dthjth,5,男,1966,11,24
55,sth,5,男,1996,9,22
56,ft,2,女,1970,8,20
57,tfh,3,女,1944,10,3
58,dfthhdt,1,男,2001,5,23
59,dfthhdtfth,4,女,1931,10,13
60,thd,1,女,1989,4,4
61,hthdf,5,男,1991,3,22
62,rdgz,4,女,1995,10,16
63,fdg,4,男,2004,5,28
64,zgzd,1,女,1948,9,8
65,zfg,3,女,1968,2,10
66,esa,3,男,1990,7,10
67,sffd,2,女,1933,3,4
68,df,1,女,1992,12,3
69,fasefa,2,男,2005,2,2
70,drgdf,2,女,1975,2,27
71,fse,1,男,1999,10,11
72,asef,2,女,1971,10,9
73,aesfaes,5,男,1995,10,21
74,fesf,5,女,1975,12,16
75,se,2,男,1987,12,15
76,asef,3,男,2006,8,20
77,fas,3,女,1952,9,13
78,zgzd,4,女,1976,11,22
79,aesfa,1,女,1989,8,3
80,awe,2,男,1985,4,7
81,gzg,1,女,1990,4,4
82,fsf,1,男,1963,1,9
83,sg,2,女,1948,9,19
84,gfdg,4,女,1949,5,23
85,fg,4,女,1975,12,3
86,rgd,2,女,1984,9,11
87,zes,1,男,1994,6,25
88,hxr,5,女,1932,12,8
89,dxrg,4,女,1958,4,13
90,xdr,5,女,1974,2,26
91,gzseg,4,女,2006,3,17
92,efs,3,男,2005,8,7
93,gx,4,女,1950,11,28
94,rdxg,4,男,1959,5,9
95,hx,3,男,1939,10,28
96,sdf,4,男,1933,2,7
97,hx,4,男,1963,6,7
98,drg,3,女,1970,9,15
99,zfgzdrg,5,男,1972,10,7
100,fsdf,3,女,1953,7,18
101,aesfd,5,男,1959,5,17
102,fasefa,4,女,1969,3,22
103,aeagd,5,女,1999,12,8
104,aef,2,男,1956,5,19
105,eaf,5,女,1966,5,16
106,faefdf,3,男,1943,3,10
107,daf,1,女,2009,1,5
108,faefdf,4,男,2001,7,7
109,fs,1,女,1968,4,26
110,faefdffa,1,女,1977,8,5
111,arege,2,男,1984,12,17
112,ase,5,女,1935,12,15
113,fasf,2,男,1970,4,18
114,gfa,3,女,1933,10,9
115,asf,1,男,2010,3,15
116,eter,3,男,2015,4,27
117,esf,1,女,1959,8,28
118,srgdsrg,2,男,2002,10,9
119,aefase,3,男,1989,12,4
120,szf,3,女,2020,11,17
121,eae,1,女,1991,6,2
122,dsrgdrg,1,男,1998,5,10
123,ggase,3,女,1995,5,1
124,hgdrg,1,女,1945,6,22
125,fef,3,男,1972,7,4
126,zsgdrhdth,3,女,1954,8,15
127,gfe,3,女,1939,10,24
128,esfa,4,女,1982,6,15
129,efaeg,1,女,1999,6,1
130,fasef,4,男,1984,7,28
131,sef,5,女,1936,9,7
132,asg,4,女,1976,4,19
133,saef,5,男,1950,3,10
134,sfaefaef,5,女,1999,8,12
135,gdsg,5,女,2002,7,13
136,esfe,1,女,1991,11,5
137,fae,3,男,2000,10,5
138,eafe,2,女,1995,5,22
139,ef,1,女,2017,7,23
140,sdrg,4,男,1967,12,7
141,sfe,5,女,1995,1,11
142,aegaef,3,女,1987,2,2
143,afaege,5,女,1952,5,8
144,feg,1,男,1966,5,17
145,afaege,3,女,1964,2,2
146,sdrg,5,女,1958,1,3
147,aef,3,男,1930,9,13
148,awf,1,男,1973,9,18
149,ae,1,女,1945,12,12
150,sef,4,女,1960,2,14
151,sef,5,男,1998,12,18
152,dth,5,女,2009,7,13
153,dth,1,女,2014,12,8
154,dthjth,5,男,2010,5,11
155,sth,1,男,1962,9,5
156,ft,5,女,1959,7,18
157,tfh,4,女,1993,11,27
158,dfthhdt,5,男,1979,5,28
159,dfthhdtfth,2,女,2005,4,3
160,thd,2,女,1995,6,20
161,hthdf,5,男,1941,12,22
162,rdgz,5,女,1995,8,7
163,fdg,2,男,2000,9,21
164,zgzd,5,女,1997,5,28
165,zfg,2,女,1932,1,16
166,esa,1,男,2012,8,1
167,sffd,4,女,2001,8,18
168,df,1,女,1996,12,7
169,fasefa,2,男,1953,5,14
170,drgdf,4,女,2014,3,23
171,fse,1,男,1947,11,15
172,asef,2,女,1936,2,12
173,aesfaes,3,男,2010,6,11
174,fesf,5,女,1984,12,3
175,se,5,男,2006,5,11
176,asef,2,男,1959,9,4
177,fas,5,女,1991,5,25
178,zgzd,5,女,1983,11,5
179,aesfa,1,女,2011,2,4
180,awe,5,男,1999,11,22
181,gzg,3,女,1972,3,28
182,fsf,5,男,2012,2,16
183,sg,5,女,1954,2,17
184,gfdg,5,女,1947,10,4
185,fg,1,女,1994,12,10
186,rgd,5,女,2009,9,20
187,zes,4,男,1954,1,2
188,hxr,5,女,1982,9,26
189,dxrg,4,女,1930,7,13
190,xdr,5,女,1963,12,8
191,gzseg,3,女,1958,7,3
192,efs,1,男,1977,1,3
193,gx,5,女,1966,9,8
194,rdxg,4,男,1951,11,16
195,hx,4,男,1967,6,2
196,sdf,1,男,1972,11,10
197,hx,1,男,1998,10,19
198,drg,4,女,2013,4,24
199,zfgzdrg,2,男,1980,11,21
200,fsdf,3,女,2019,12,19
201,aesfd,3,男,2011,6,5
202,fasefa,2,女,1930,7,16
203,aeagd,3,女,1947,9,2
204,aef,1,男,1954,3,3
205,eaf,2,女,2010,11,14
206,faefdf,2,男,2012,9,18
207,daf,5,女,1932,10,25
208,faefdf,1,男,1974,10,14
209,fs,4,女,1962,6,3
210,faefdffa,4,女,1979,7,6
211,arege,3,男,2003,8,22
212,ase,2,女,2009,5,6
213,fasf,4,男,1959,8,27
214,gfa,2,女,2001,11,3
215,asf,4,男,1983,9,14
216,eter,1,男,1931,10,19
217,esf,5,女,1958,7,28
218,srgdsrg,5,男,1940,6,18
219,aefase,4,男,1984,12,15
220,szf,1,女,1970,7,26
221,eae,2,女,2004,2,10
222,dsrgdrg,4,男,2012,7,13
223,ggase,3,女,1963,8,4
224,hgdrg,3,女,2001,10,12
225,fef,5,男,1943,2,10
226,zsgdrhdth,1,女,1948,9,28
227,gfe,3,女,2013,1,20
228,esfa,1,女,1947,4,6
229,efaeg,4,女,2018,5,3
230,fasef,4,男,1932,7,7
231,sef,3,女,1951,4,15
232,asg,1,女,2018,3,13
233,saef,1,男,1999,11,7
234,sfaefaef,3,女,1951,1,24
235,gdsg,5,女,1956,3,7
236,esfe,5,女,1936,8,28
237,fae,2,男,1931,4,23
238,eafe,3,女,1951,2,16
239,ef,2,女,1985,11,3
240,sdrg,4,男,2015,11,3
241,sfe,2,女,2014,2,5
242,aegaef,4,女,1971,12,23
243,afaege,5,女,2011,12,18
244,feg,5,男,1962,9,17
245,afaege,3,女,1962,1,3
246,sdrg,2,女,1935,12,7
247,aef,5,男,1985,4,17
248,awf,5,男,1978,7,3
249,ae,3,女,1976,10,8
250,sef,4,女,1943,3,7
251,sef,2,男,2017,6,28
252,dth,3,女,2007,10,24
253,dth,5,女,1937,4,17
254,dthjth,4,男,1947,8,27
255,sth,3,男,2009,8,25
256,ft,4,女,1932,3,14
257,tfh,5,女,1950,1,10
258,dfthhdt,4,男,1955,11,22
259,dfthhdtfth,3,女,1999,10,15
260,thd,4,女,1942,4,7
261,hthdf,3,男,2010,7,21
262,rdgz,4,女,2020,7,12
263,fdg,2,男,1937,9,7
264,zgzd,1,女,1971,7,24
265,zfg,1,女,1932,7,10
266,esa,3,男,1933,3,7
267,sffd,5,女,1964,5,15
268,df,2,女,1952,8,9
269,fasefa,3,男,1980,8,1
270,drgdf,5,女,1992,11,16
271,fse,1,男,1958,8,1
272,asef,3,女,1932,1,22
273,aesfaes,3,男,2012,11,14
274,fesf,2,女,1987,5,27
275,se,4,男,2012,12,15
276,asef,1,男,1943,5,14
277,fas,2,女,1958,12,14
278,zgzd,3,女,1966,1,26
279,aesfa,5,女,1935,11,13
280,awe,2,男,1995,4,24
281,gzg,3,女,1989,10,14
282,fsf,1,男,1967,9,4
283,sg,2,女,1939,3,23
284,gfdg,1,女,1957,8,13
285,fg,2,女,1975,8,11
286,rgd,2,女,1984,11,28
287,zes,1,男,2008,4,17
288,hxr,5,女,1964,4,14
289,dxrg,5,女,1981,5,2
290,xdr,5,女,1951,3,10
291,gzseg,5,女,1932,8,2
292,efs,2,男,1956,10,21
293,gx,2,女,1953,6,25
294,rdxg,4,男,1983,3,26
295,hx,1,男,1937,10,15
296,sdf,5,男,1991,3,24
297,hx,2,男,1930,4,2
298,drg,2,女,1940,4,4
299,zfgzdrg,5,男,1936,3,27
300,fsdf,5,女,1934,7,4
301,aesfd,1,男,1941,5,11
302,fasefa,3,女,1979,5,6
303,aeagd,3,女,1935,9,26
304,aef,2,男,2004,1,12
305,eaf,4,女,1971,5,9
306,faefdf,1,男,2020,10,14
307,daf,4,女,2008,3,3
308,faefdf,5,男,2010,10,19
309,fs,2,女,1972,8,10
310,faefdffa,5,女,2003,9,12
311,arege,1,男,1949,10,27
312,ase,5,女,1947,2,3
313,fasf,1,男,1983,1,4
314,gfa,2,女,1977,9,23
315,asf,4,男,2010,6,16
316,eter,3,男,2005,5,16
317,esf,3,女,1997,4,7
318,srgdsrg,4,男,2011,3,23
319,aefase,5,男,1988,9,10
320,szf,1,女,2012,1,10
321,eae,2,女,1981,7,15
322,dsrgdrg,3,男,1956,9,28
323,ggase,5,女,1975,10,16
324,hgdrg,5,女,2018,3,14
325,fef,4,男,1934,2,16
326,zsgdrhdth,1,女,1950,1,2
327,gfe,1,女,1951,10,18
328,esfa,4,女,1965,3,24
329,efaeg,3,女,1971,3,25
330,fasef,3,男,1980,2,25
331,sef,4,女,1979,12,23
332,asg,1,女,1989,9,12
333,saef,2,男,1967,5,14
334,sfaefaef,3,女,1978,3,5
335,gdsg,4,女,1966,12,10
336,esfe,4,女,1984,7,9
337,fae,1,男,2010,4,8
338,eafe,3,女,1982,12,18
339,ef,2,女,1937,2,12
340,sdrg,4,男,1984,4,25
341,sfe,5,女,1980,5,28
342,aegaef,2,女,1980,8,19
343,afaege,5,女,2007,12,10
344,feg,4,男,1978,1,14
345,afaege,4,女,1981,12,26
346,sdrg,2,女,1949,5,26
347,aef,2,男,1957,2,6
348,awf,3,男,1979,1,20
349,ae,3,女,1986,2,22
350,sef,2,女,1934,4,22
351,sef,3,男,1985,10,13
352,dth,3,女,1969,10,5
353,dth,1,女,1995,9,8
354,dthjth,3,男,1949,1,5
355,sth,1,男,2011,7,12
356,ft,1,女,1987,12,18
357,tfh,4,女,1959,1,12
358,dfthhdt,2,男,1947,10,20
359,dfthhdtfth,1,女,2012,2,6
360,thd,2,女,1978,6,6
361,hthdf,2,男,1951,11,12
362,rdgz,4,女,2012,7,1
363,fdg,5,男,1988,11,28
364,zgzd,1,女,1951,4,6
365,zfg,5,女,1960,2,7
366,esa,3,男,1964,6,2
367,sffd,4,女,2014,10,24
368,df,3,女,1934,7,27
369,fasefa,3,男,2005,3,13
370,drgdf,1,女,1997,8,24
371,fse,4,男,1988,11,16
372,asef,4,女,1946,12,11
373,aesfaes,1,男,1935,4,2
374,fesf,5,女,1999,12,18
375,se,5,男,2016,6,8
376,asef,3,男,2009,12,2
377,fas,4,女,2019,4,18
378,zgzd,3,女,1941,10,16
379,aesfa,1,女,2005,8,23
380,awe,4,男,1959,11,20
381,gzg,2,女,1949,10,20
382,fsf,1,男,2017,10,5
383,sg,1,女,1960,3,24
384,gfdg,3,女,2009,6,25
385,fg,5,女,1941,6,7
386,rgd,1,女,1942,1,27
387,zes,4,男,2002,1,5
388,hxr,2,女,1987,12,20
389,dxrg,1,女,2009,8,6
390,xdr,3,女,1938,3,7
391,gzseg,1,女,1955,9,12
392,efs,4,男,2002,4,24
393,gx,3,女,2000,10,7
394,rdxg,3,男,1933,2,13
395,hx,3,男,1965,11,1
396,sdf,1,男,1944,9,19
397,hx,1,男,1978,9,12
398,drg,1,女,1993,6,19
399,zfgzdrg,5,男,1951,12,13
400,fsdf,3,女,1944,7,11
401,aesfd,4,男,2011,6,27
402,fasefa,3,女,1944,1,24
403,aeagd,5,女,1936,7,12
404,aef,2,男,1955,10,17
405,eaf,1,女,2007,2,1
406,faefdf,1,男,1937,4,28
407,daf,3,女,1939,5,6
408,faefdf,1,男,2003,2,22
409,fs,1,女,1953,5,25
410,faefdffa,5,女,2010,9,11
411,arege,1,男,1986,8,19
412,ase,3,女,1987,11,13
413,fasf,3,男,1972,6,3
414,gfa,1,女,2016,8,28
415,asf,4,男,2002,1,28
416,eter,3,男,2000,2,7
417,esf,1,女,1949,5,3
418,srgdsrg,1,男,2014,9,10
419,aefase,4,男,1939,4,24
420,szf,3,女,1987,3,28
421,eae,5,女,1980,3,9
422,dsrgdrg,4,男,1950,3,20
423,ggase,4,女,2000,12,23
424,hgdrg,5,女,1930,4,10
425,fef,3,男,2002,11,27
426,zsgdrhdth,5,女,1939,3,16
427,gfe,4,女,2006,9,15
428,esfa,5,女,1957,6,15
429,efaeg,3,女,1981,9,17
430,fasef,4,男,1944,4,7
431,sef,1,女,1936,10,21
432,asg,1,女,1945,7,13
433,saef,3,男,1977,6,19
434,sfaefaef,1,女,2003,5,28
435,gdsg,4,女,1944,6,12
436,esfe,5,女,1974,7,10
437,fae,2,男,2006,12,27
438,eafe,1,女,1933,12,21
439,ef,4,女,1944,6,16
440,sdrg,1,男,1974,5,12
441,sfe,5,女,1985,7,27
442,aegaef,3,女,1972,9,3
443,afaege,5,女,1971,8,28
444,feg,5,男,1975,12,23
445,afaege,5,女,1949,9,19
446,sdrg,5,女,1939,9,16
447,aef,1,男,2010,12,11
448,awf,4,男,1960,10,9
449,ae,1,女,1947,5,7
450,sef,3,女,1973,7,8
451,sef,5,男,1990,5,9
452,dth,1,女,1930,5,16
453,dth,1,女,1995,6,21
454,dthjth,4,男,1965,3,26
455,sth,2,男,1991,3,3
456,ft,4,女,1938,4,20
457,tfh,1,女,1988,7,3
458,dfthhdt,1,男,1951,6,2
459,dfthhdtfth,5,女,1960,6,12
460,thd,4,女,1977,5,6
461,hthdf,5,男,2010,7,21
462,rdgz,4,女,1999,4,26
463,fdg,5,男,2015,2,28
464,zgzd,2,女,1953,5,11
465,zfg,5,女,1950,9,10
466,esa,1,男,1988,3,10
467,sffd,2,女,1977,5,9
468,df,5,女,2000,12,16
469,fasefa,3,男,2005,7,1
470,drgdf,3,女,1937,11,10
471,fse,5,男,1986,7,5
472,asef,3,女,2009,9,26
473,aesfaes,2,男,1995,5,2
474,fesf,1,女,1958,3,6
475,se,2,男,2014,3,23
476,asef,2,男,1963,8,9
477,fas,1,女,1936,6,8
478,zgzd,5,女,2000,9,27
479,aesfa,2,女,1945,1,2
480,awe,5,男,1995,1,12
481,gzg,4,女,1988,2,2
482,fsf,5,男,1970,1,7
483,sg,3,女,1959,12,25
484,gfdg,3,女,1944,3,17
485,fg,5,女,1962,7,26
486,rgd,5,女,1944,8,11
487,zes,2,男,1944,3,16
488,hxr,2,女,1942,9,26
489,dxrg,2,女,2014,1,5
490,xdr,2,女,1987,1,6
491,gzseg,2,女,1960,1,14
492,efs,2,男,1970,4,9
493,gx,2,女,1985,12,22
494,rdxg,5,男,1969,10,14
495,hx,1,男,2003,8,5
496,sdf,5,男,1954,5,5
497,hx,5,男,1989,6,7
498,drg,5,女,1938,5,9
499,zfgzdrg,3,男,1991,9,7
500,fsdf,2,女,1975,6,20
501,aesfd,4,男,1959,6,2
502,fasefa,5,女,1941,4,19
503,aeagd,4,女,1982,2,27
504,aef,5,男,1989,2,24
505,eaf,3,女,2012,1,18
506,faefdf,2,男,1972,6,23
507,daf,3,女,2002,7,14
508,faefdf,4,男,1943,8,2
509,fs,3,女,1973,1,6
510,faefdffa,4,女,1967,1,2
511,arege,5,男,2017,11,24
512,ase,3,女,1975,6,23
513,fasf,2,男,1945,2,27
514,gfa,2,女,1984,8,9
515,asf,2,男,1988,10,3
516,eter,1,男,1983,4,18
517,esf,3,女,1986,9,20
518,srgdsrg,3,男,1963,1,15
519,aefase,5,男,1969,12,5
520,szf,2,女,1964,11,3
521,eae,4,女,2000,9,3
522,dsrgdrg,5,男,1950,2,13
523,ggase,5,女,1998,12,15
524,hgdrg,3,女,1976,11,9
525,fef,1,男,1970,7,16
526,zsgdrhdth,2,女,1948,4,5
527,gfe,1,女,1945,11,13
528,esfa,1,女,2010,6,12
529,efaeg,3,女,1972,12,5
530,fasef,4,男,2014,5,20
531,sef,1,女,1941,3,23
532,asg,3,女,2015,2,24
533,saef,1,男,1998,7,27
534,sfaefaef,3,女,1945,7,6
535,gdsg,3,女,1962,7,10
536,esfe,2,女,1967,1,12
537,fae,2,男,2004,8,20
538,eafe,4,女,2005,7,2
539,ef,3,女,2015,11,8
540,sdrg,5,男,2010,7,24
541,sfe,5,女,2020,1,14
542,aegaef,5,女,1956,2,12
543,afaege,3,女,1948,8,22
544,feg,4,男,1999,3,18
545,afaege,2,女,1971,6,13
546,sdrg,5,女,1995,11,18
547,aef,5,男,1955,4,14
548,awf,1,男,1933,7,22
549,ae,4,女,1996,2,16
550,sef,2,女,1959,9,14
551,sef,2,男,2018,4,8
552,dth,2,女,2019,8,21
553,dth,2,女,2015,8,20
554,dthjth,4,男,1961,5,13
555,sth,1,男,1956,12,27
556,ft,2,女,2000,11,18
557,tfh,5,女,1937,1,28
558,dfthhdt,4,男,1992,8,24
559,dfthhdtfth,3,女,1951,5,17
560,thd,5,女,1956,8,24
561,hthdf,2,男,1968,8,5
562,rdgz,5,女,1961,1,19
563,fdg,4,男,2007,6,18
564,zgzd,5,女,1993,5,14
565,zfg,3,女,2014,1,14
566,esa,3,男,2012,1,9
567,sffd,1,女,1972,2,21
568,df,4,女,1948,11,7
569,fasefa,2,男,1986,5,24
570,drgdf,2,女,1987,3,18
571,fse,5,男,1967,10,9
572,asef,3,女,2005,8,16
573,aesfaes,2,男,2011,5,13
574,fesf,2,女,1994,3,27
575,se,2,男,2007,9,3
576,asef,3,男,1964,2,26
577,fas,4,女,1941,3,26
578,zgzd,5,女,1973,4,24
579,aesfa,5,女,1982,9,20
580,awe,2,男,1999,3,8
581,gzg,2,女,1972,11,15
582,fsf,4,男,2018,7,1
583,sg,4,女,1990,12,28
584,gfdg,2,女,1931,11,7
585,fg,1,女,1961,4,26
586,rgd,4,女,1950,2,14
587,zes,5,男,2009,4,5
588,hxr,4,女,2002,5,20
589,dxrg,5,女,1959,5,22
590,xdr,4,女,1954,6,14
591,gzseg,1,女,1942,3,24
592,efs,4,男,1954,3,1
593,gx,5,女,1938,7,24
594,rdxg,5,男,2004,7,25
595,hx,5,男,1994,4,24
596,sdf,1,男,1932,7,14
597,hx,5,男,1941,2,3
598,drg,1,女,2005,9,6
599,zfgzdrg,5,男,2010,3,27
600,fsdf,1,女,1994,4,20
601,aesfd,1,男,1993,10,11
602,fasefa,4,女,1949,2,28
603,aeagd,2,女,1991,5,12
604,aef,1,男,1986,5,12
605,eaf,1,女,1946,7,21
606,faefdf,1,男,2016,4,19
607,daf,2,女,1956,4,1
608,faefdf,1,男,2013,4,25
609,fs,5,女,2018,1,7
610,faefdffa,4,女,1984,1,4
611,arege,5,男,1996,10,8
612,ase,3,女,1937,9,13
613,fasf,5,男,1980,12,14
614,gfa,1,女,2010,8,20
615,asf,3,男,1932,3,9
616,eter,1,男,1938,5,16
617,esf,1,女,2002,10,4
618,srgdsrg,5,男,1932,2,19
619,aefase,2,男,2003,11,28
620,szf,1,女,2019,9,27
621,eae,1,女,1984,3,8
622,dsrgdrg,1,男,1931,4,28
623,ggase,5,女,2001,12,20
624,hgdrg,2,女,2017,12,22
625,fef,3,男,1992,6,11
626,zsgdrhdth,2,女,1931,10,10
627,gfe,2,女,1990,2,23
628,esfa,4,女,1999,1,27
629,efaeg,4,女,1949,8,8
630,fasef,1,男,1932,3,14
631,sef,4,女,1978,11,3
632,asg,1,女,2011,3,23
633,saef,5,男,1999,12,5
634,sfaefaef,3,女,1953,1,2
635,gdsg,5,女,1954,12,10
636,esfe,3,女,1977,11,18
637,fae,3,男,2006,4,5
638,eafe,1,女,1962,4,14
639,ef,2,女,1950,8,15
640,sdrg,4,男,1946,3,21
641,sfe,3,女,2010,12,14
642,aegaef,5,女,1950,7,9
643,afaege,3,女,1947,1,27
644,feg,4,男,1994,4,14
645,afaege,4,女,1955,4,2
646,sdrg,4,女,1987,10,24
647,aef,2,男,2013,4,12
648,awf,1,男,1963,6,28
649,ae,1,女,2005,3,12
650,sef,4,女,1941,9,24
651,sef,3,男,1936,2,1
652,dth,2,女,2001,2,11
653,dth,1,女,1992,5,3
654,dthjth,4,男,1993,1,7
655,sth,1,男,1995,11,23
656,ft,1,女,1982,11,26
657,tfh,5,女,1950,11,2
658,dfthhdt,4,男,1948,3,15
659,dfthhdtfth,4,女,1954,6,12
660,thd,5,女,1961,2,11
661,hthdf,3,男,1944,12,6
662,rdgz,4,女,1930,8,15
663,fdg,4,男,1943,10,12
664,zgzd,1,女,1969,1,10
665,zfg,3,女,1978,3,11
666,esa,3,男,1966,2,6
667,sffd,5,女,2014,12,3
668,df,2,女,1975,1,8
669,fasefa,1,男,1948,10,13
670,drgdf,1,女,2019,1,11
671,fse,2,男,2004,6,19
672,asef,1,女,1954,3,18
673,aesfaes,3,男,1956,9,17
674,fesf,4,女,1990,12,28
675,se,5,男,1942,12,8
676,asef,2,男,2004,6,20
677,fas,4,女,1954,3,24
678,zgzd,5,女,2014,6,11
679,aesfa,2,女,2019,5,20
680,awe,2,男,1996,2,20
681,gzg,3,女,1978,7,12
682,fsf,1,男,1969,1,9
683,sg,3,女,1968,1,16
684,gfdg,3,女,2009,6,16
685,fg,2,女,2019,3,20
686,rgd,4,女,1944,8,22
687,zes,4,男,1951,7,18
688,hxr,5,女,1939,4,17
689,dxrg,2,女,2001,8,5
690,xdr,3,女,1993,5,4
691,gzseg,3,女,1941,7,25
692,efs,5,男,1948,11,11
693,gx,4,女,1935,7,4
694,rdxg,4,男,1938,2,7
695,hx,2,男,1957,4,2
696,sdf,2,男,2012,8,20
697,hx,4,男,1981,5,8
698,drg,4,女,2006,7,9
699,zfgzdrg,3,男,2020,4,10
700,fsdf,2,女,2018,11,19
701,aesfd,3,男,1940,12,10
702,fasefa,1,女,2006,12,15
703,aeagd,1,女,2001,4,2
704,aef,3,男,1953,6,24
705,eaf,5,女,1977,12,9
706,faefdf,2,男,2007,2,7
707,daf,5,女,1975,8,13
708,faefdf,1,男,1971,11,8
709,fs,2,女,1951,7,22
710,faefdffa,1,女,1968,9,18
711,arege,4,男,1998,5,15
712,ase,3,女,2016,1,19
713,fasf,2,男,2015,4,18
714,gfa,2,女,1974,6,24
715,asf,5,男,2006,12,19
716,eter,5,男,2005,9,18
717,esf,2,女,1974,4,28
718,srgdsrg,5,男,1987,7,19
719,aefase,1,男,1935,5,22
720,szf,1,女,1931,10,22
721,eae,4,女,1996,11,25
722,dsrgdrg,4,男,1992,7,4
723,ggase,5,女,2014,9,21
724,hgdrg,2,女,1971,1,21
725,fef,2,男,2008,1,18
726,zsgdrhdth,3,女,1936,9,20
727,gfe,4,女,1967,11,22
728,esfa,5,女,1979,9,8
729,efaeg,4,女,1992,5,27
730,fasef,4,男,2019,11,6
731,sef,4,女,1987,1,5
732,asg,5,女,1996,8,17
733,saef,1,男,2003,10,20
734,sfaefaef,1,女,1942,9,2
735,gdsg,3,女,2018,12,16
736,esfe,4,女,1979,4,7
737,fae,1,男,1955,3,12
738,eafe,4,女,2020,7,5
739,ef,1,女,1956,6,13
740,sdrg,5,男,2009,12,14
741,sfe,4,女,1972,12,25
742,aegaef,5,女,1941,6,10
743,afaege,4,女,1992,6,24
744,feg,1,男,1950,4,20
745,afaege,1,女,1979,12,18
746,sdrg,2,女,1990,7,2
747,aef,1,男,2011,7,21
748,awf,1,男,1938,9,21
749,ae,1,女,2002,3,8
750,sef,2,女,1972,6,28
751,sef,2,男,1961,4,4
752,dth,3,女,2007,1,15
753,dth,1,女,1968,3,6
754,dthjth,4,男,1961,3,24
755,sth,2,男,1992,11,20
756,ft,3,女,1967,1,7
757,tfh,2,女,2016,5,12
758,dfthhdt,2,男,2019,5,16
759,dfthhdtfth,5,女,1971,5,13
760,thd,3,女,2007,2,10
761,hthdf,2,男,2007,5,8
762,rdgz,3,女,1960,7,16
763,fdg,2,男,1995,10,14
764,zgzd,5,女,1957,11,10
765,zfg,3,女,2007,4,9
766,esa,3,男,1955,3,19
767,sffd,1,女,2000,6,20
768,df,4,女,1939,10,25
769,fasefa,2,男,1970,11,7
770,drgdf,5,女,1931,10,27
771,fse,1,男,1941,9,6
772,asef,2,女,1955,3,26
773,aesfaes,4,男,1990,2,8
774,fesf,4,女,1931,11,3
775,se,1,男,1941,5,20
776,asef,4,男,1971,5,9
777,fas,3,女,1979,6,8
778,zgzd,2,女,2016,12,11
779,aesfa,1,女,1978,7,22
780,awe,5,男,2000,7,16
781,gzg,3,女,1934,5,28
782,fsf,2,男,1964,12,18
783,sg,2,女,1964,8,26
784,gfdg,5,女,2003,2,11
785,fg,4,女,1996,9,22
786,rgd,3,女,2020,1,2
787,zes,2,男,1984,7,23
788,hxr,4,女,1931,12,11
789,dxrg,2,女,1947,10,2
790,xdr,1,女,2010,6,25
791,gzseg,4,女,1935,3,11
792,efs,3,男,2012,8,19
793,gx,1,女,1935,3,8
794,rdxg,2,男,2011,5,21
795,hx,4,男,1975,4,18
796,sdf,4,男,1942,5,2
797,hx,5,男,2010,10,23
798,drg,3,女,2002,10,10
799,zfgzdrg,4,男,2009,11,13
800,fsdf,5,女,1977,11,13
801,aesfd,3,男,1932,10,24
802,fasefa,3,女,1947,5,8
803,aeagd,3,女,1948,9,1
804,aef,1,男,2011,7,13
805,eaf,5,女,1945,9,24
806,faefdf,2,男,1975,5,3
807,daf,4,女,1990,1,24
808,faefdf,2,男,1954,6,23
809,fs,3,女,1980,10,17
810,faefdffa,5,女,1987,1,17
811,arege,4,男,2020,11,24
812,ase,3,女,2018,3,8
813,fasf,3,男,1957,4,21
814,gfa,5,女,1968,5,24
815,asf,5,男,1944,6,19
816,eter,2,男,1931,12,3
817,esf,5,女,2017,10,27
818,srgdsrg,4,男,1985,6,8
819,aefase,1,男,1988,6,2
820,szf,2,女,2009,6,12
821,eae,3,女,1932,8,5
822,dsrgdrg,3,男,1987,7,23
823,ggase,3,女,1993,7,9
824,hgdrg,4,女,1976,9,17
825,fef,3,男,1999,1,5
826,zsgdrhdth,5,女,1951,5,2
827,gfe,1,女,2003,2,9
828,esfa,2,女,1955,12,14
829,efaeg,3,女,1965,10,9
830,fasef,1,男,2003,3,3
831,sef,4,女,1931,1,23
832,asg,3,女,1955,3,3
833,saef,1,男,1944,1,4
834,sfaefaef,5,女,1951,12,22
835,gdsg,2,女,2002,12,9
836,esfe,4,女,1970,12,11
837,fae,1,男,1989,8,14
838,eafe,5,女,1973,1,26
839,ef,4,女,1984,6,10
840,sdrg,4,男,1980,10,18
841,sfe,2,女,2016,5,16
842,aegaef,4,女,2009,6,27
843,afaege,4,女,1944,9,27
844,feg,2,男,1948,7,11
845,afaege,1,女,1932,10,15
846,sdrg,3,女,1953,9,22
847,aef,4,男,2017,9,11
848,awf,2,男,1986,10,5
849,ae,3,女,1988,7,26
850,sef,2,女,2006,2,3
851,sef,4,男,1963,11,10
852,dth,1,女,2008,11,8
853,dth,1,女,1996,4,5
854,dthjth,4,男,1964,7,27
855,sth,5,男,2007,3,25
856,ft,4,女,1997,6,6
857,tfh,1,女,1946,7,17
858,dfthhdt,1,男,1947,3,9
859,dfthhdtfth,2,女,2017,3,19
860,thd,5,女,1953,3,2
861,hthdf,5,男,1950,8,17
862,rdgz,4,女,1991,10,11
863,fdg,4,男,1984,12,21
864,zgzd,1,女,1987,12,13
865,zfg,3,女,1964,6,23
866,esa,2,男,1977,11,12
867,sffd,2,女,1987,11,16
868,df,1,女,2004,7,20
869,fasefa,5,男,2002,3,28
870,drgdf,1,女,2005,9,26
871,fse,3,男,1985,10,23
872,asef,1,女,1937,9,8
873,aesfaes,1,男,1948,6,5
874,fesf,5,女,1942,1,3
875,se,2,男,1953,2,1
876,asef,3,男,1950,3,28
877,fas,1,女,1985,5,26
878,zgzd,3,女,1981,11,10
879,aesfa,5,女,2014,1,6
880,awe,1,男,1970,7,1
881,gzg,1,女,2005,12,16
882,fsf,2,男,1946,8,11
883,sg,1,女,1981,5,18
884,gfdg,1,女,1946,7,21
885,fg,2,女,1932,1,20
886,rgd,2,女,1965,9,18
887,zes,5,男,1976,1,24
888,hxr,2,女,1995,11,13
889,dxrg,5,女,1992,10,23
890,xdr,4,女,2003,6,6
891,gzseg,4,女,2016,9,5
892,efs,1,男,1964,12,1
893,gx,3,女,1987,7,9
894,rdxg,2,男,1968,3,5
895,hx,4,男,1932,5,14
896,sdf,1,男,1982,11,25
897,hx,1,男,2003,9,10
898,drg,1,女,1984,5,3
899,zfgzdrg,4,男,1984,3,2
900,fsdf,1,女,1940,1,5
901,aesfd,4,男,1986,4,9
902,fasefa,4,女,1932,9,1
903,aeagd,4,女,1939,6,22
904,aef,1,男,1944,8,16
905,eaf,1,女,1932,9,22
906,faefdf,5,男,1977,4,25
907,daf,3,女,1995,11,8
908,faefdf,3,男,2007,12,6
909,fs,1,女,1935,3,12
910,faefdffa,2,女,2000,5,12
911,arege,4,男,1990,12,11
912,ase,3,女,1944,7,27
913,fasf,5,男,1999,7,9
914,gfa,4,女,1979,4,4
915,asf,4,男,2000,3,5
916,eter,4,男,1972,2,3
917,esf,2,女,1997,1,22
918,srgdsrg,5,男,1949,9,3
919,aefase,1,男,2013,7,2
920,szf,3,女,1948,8,23
921,eae,2,女,1978,7,6
922,dsrgdrg,5,男,1971,9,14
923,ggase,2,女,2011,5,16
924,hgdrg,5,女,1960,7,18
925,fef,2,男,1997,7,5
926,zsgdrhdth,3,女,1947,3,12
927,gfe,5,女,1939,12,13
928,esfa,4,女,1976,8,2
929,efaeg,2,女,2008,9,14
930,fasef,1,男,1970,7,4
931,sef,5,女,1977,8,4
932,asg,2,女,1962,1,6
933,saef,1,男,2016,1,9
934,sfaefaef,5,女,1996,9,11
935,gdsg,3,女,2008,9,28
936,esfe,5,女,1930,4,3
937,fae,1,男,1948,9,11
938,eafe,2,女,2004,12,11
939,ef,5,女,1970,8,14
940,sdrg,1,男,1973,7,2
941,sfe,5,女,2013,11,16
942,aegaef,2,女,1986,5,13
943,afaege,3,女,1986,2,24
944,feg,2,男,1939,3,14
945,afaege,4,女,1984,3,2
946,sdrg,2,女,1966,2,16
947,aef,5,男,1989,4,25
948,awf,2,男,1997,8,28
949,ae,2,女,1961,5,13
950,sef,3,女,1970,8,20
951,sef,4,男,1973,12,24
952,dth,3,女,1932,4,1
953,dth,2,女,1985,11,1
954,dthjth,4,男,1946,7,2
955,sth,5,男,1959,8,7
956,ft,3,女,1949,2,12
957,tfh,4,女,1933,7,1
958,dfthhdt,2,男,2019,11,5
959,dfthhdtfth,2,女,1973,9,16
960,thd,3,女,1935,3,18
961,hthdf,4,男,1946,12,18
962,rdgz,4,女,1993,2,5
963,fdg,1,男,2017,5,24
964,zgzd,4,女,1952,6,11
965,zfg,4,女,1979,10,20
966,esa,2,男,1933,3,6
967,sffd,2,女,1971,1,17
968,df,3,女,1958,8,18
969,fasefa,5,男,1949,8,4
970,drgdf,5,女,1970,10,8
971,fse,5,男,1975,1,12
972,asef,3,女,1959,4,10
973,aesfaes,1,男,1989,6,11
974,fesf,3,女,1976,4,16
975,se,4,男,2020,4,17
976,asef,1,男,1979,1,15
977,fas,2,女,1963,4,5
978,zgzd,4,女,1942,3,5
979,aesfa,2,女,1958,5,7
980,awe,2,男,1998,2,14
981,gzg,4,女,1947,2,9
982,fsf,1,男,1978,3,18
983,sg,5,女,1967,11,9
984,gfdg,2,女,2013,6,24
985,fg,4,女,1964,8,6
986,rgd,5,女,1948,8,19
987,zes,4,男,1956,5,3
988,hxr,5,女,2014,7,3
989,dxrg,5,女,1976,12,4
990,xdr,4,女,1954,12,16
991,gzseg,3,女,1935,8,25
992,efs,2,男,2006,12,3
993,gx,4,女,1998,4,14
994,rdxg,1,男,1954,1,23
995,hx,4,男,2016,5,22
996,sdf,4,男,1981,8,14
997,hx,5,男,2014,12,23
998,drg,5,女,1966,2,16
999,zfgzdrg,2,男,1982,7,14
1000,fsdf,4,女,2003,9,18
1001,aesfd,4,男,1937,9,27
1002,fasefa,3,女,1945,5,16
1003,aeagd,4,女,1981,8,8
1004,aef,4,男,1942,5,14
1005,eaf,1,女,1975,4,2
1006,faefdf,4,男,2013,6,27
1007,daf,2,女,1943,8,15
1008,faefdf,4,男,2002,7,6
1009,fs,3,女,1968,4,2
1010,faefdffa,1,女,1953,1,3
1011,arege,5,男,2013,9,8
1012,ase,2,女,1941,7,25
1013,fasf,1,男,1984,7,19
1014,gfa,3,女,2020,9,5
1015,asf,4,男,2012,11,24
1016,eter,2,男,1985,7,19
1017,esf,2,女,2019,5,22
1018,srgdsrg,4,男,1952,4,18
1019,aefase,2,男,1966,4,12
1020,szf,2,女,1997,5,16
1021,eae,5,女,2012,1,16
1022,dsrgdrg,4,男,1955,10,18
1023,ggase,2,女,1981,12,12
1024,hgdrg,1,女,2012,2,4
1025,fef,1,男,1946,7,20
1026,zsgdrhdth,3,女,1963,9,6
1027,gfe,4,女,1961,9,27
1028,esfa,5,女,1977,9,17
1029,efaeg,4,女,1950,11,2
1030,fasef,2,男,1993,8,17
1031,sef,3,女,1937,10,13
1032,asg,1,女,1989,10,18
1033,saef,1,男,1979,6,22
1034,sfaefaef,3,女,1989,1,3
1035,gdsg,4,女,1971,9,20
1036,esfe,2,女,1966,9,24
1037,fae,2,男,2019,6,17
1038,eafe,3,女,1998,8,16
1039,ef,5,女,1933,9,11
1040,sdrg,4,男,1948,3,11
1041,sfe,4,女,1991,10,10
1042,aegaef,1,女,1967,6,25
1043,afaege,2,女,1973,1,2
1044,feg,5,男,1969,9,10
1045,afaege,3,女,2002,2,1
1046,sdrg,4,女,1963,10,6
1047,aef,3,男,2016,7,23
1048,awf,4,男,1948,4,2
1049,ae,2,女,2005,11,13
1050,sef,1,女,1951,10,19
1051,sef,3,男,1950,1,16
1052,dth,5,女,1939,11,27
1053,dth,4,女,1955,7,24
1054,dthjth,3,男,1937,7,5
1055,sth,1,男,1969,4,8
1056,ft,5,女,1998,9,23
1057,tfh,1,女,2020,1,3
1058,dfthhdt,1,男,1944,10,5
1059,dfthhdtfth,1,女,1960,2,19
1060,thd,4,女,1960,2,20
1061,hthdf,4,男,1936,5,19
1062,rdgz,2,女,1937,2,24
1063,fdg,1,男,1952,11,8
1064,zgzd,1,女,1977,3,8
1065,zfg,3,女,1982,9,26
1066,esa,5,男,1955,3,12
1067,sffd,2,女,1997,2,17
1068,df,1,女,1941,1,26
1069,fasefa,4,男,1973,12,23
1070,drgdf,4,女,1998,8,4
1071,fse,3,男,1966,5,7
1072,asef,3,女,1932,11,1
1073,aesfaes,3,男,1957,9,6
1074,fesf,3,女,1954,11,15
1075,se,1,男,1988,10,20
1076,asef,5,男,1959,2,4
1077,fas,3,女,1935,1,27
1078,zgzd,5,女,1965,2,21
1079,aesfa,4,女,1997,11,22
1080,awe,4,男,1957,3,17
1081,gzg,5,女,1985,8,23
1082,fsf,1,男,1941,9,8
1083,sg,3,女,1965,12,26
1084,gfdg,5,女,1969,4,10
1085,fg,4,女,1962,8,16
1086,rgd,3,女,1984,7,26
1087,zes,5,男,1996,7,20
1088,hxr,1,女,1964,7,18
1089,dxrg,3,女,2001,9,9
1090,xdr,3,女,1982,9,14
1091,gzseg,1,女,1989,2,28
1092,efs,3,男,1995,5,6
1093,gx,5,女,1977,3,19
1094,rdxg,4,男,1940,9,15
1095,hx,2,男,2001,5,5
1096,sdf,1,男,1937,4,6
1097,hx,2,男,2013,4,22
1098,drg,3,女,2007,6,9
1099,zfgzdrg,3,男,1978,3,20
1100,fsdf,5,女,1955,4,9
1101,aesfd,4,男,1999,2,18
1102,fasefa,1,女,1933,10,25
1103,aeagd,1,女,1939,11,11
1104,aef,2,男,1943,8,3
1105,eaf,3,女,2014,5,23
1106,faefdf,1,男,1967,2,4
1107,daf,3,女,1935,1,27
1108,faefdf,5,男,1936,7,1
1109,fs,2,女,2010,1,23
1110,faefdffa,5,女,1944,5,8
1111,arege,3,男,1976,9,15
1112,ase,4,女,1947,11,11
1113,fasf,2,男,1966,2,8
1114,gfa,2,女,1939,10,22
1115,asf,1,男,1967,8,27
1116,eter,5,男,1948,3,15
1117,esf,3,女,1980,5,11
1118,srgdsrg,2,男,1963,5,25
1119,aefase,1,男,1970,7,3
1120,szf,1,女,1930,7,18
1121,eae,1,女,1993,2,24
1122,dsrgdrg,2,男,1981,7,24
1123,ggase,2,女,1995,7,18
1124,hgdrg,4,女,1933,9,26
1125,fef,2,男,1986,9,24
1126,zsgdrhdth,1,女,1946,8,24
1127,gfe,4,女,1978,4,19
1128,esfa,2,女,1946,4,13
1129,efaeg,2,女,1954,1,3
1130,fasef,3,男,1982,3,26
1131,sef,5,女,1983,11,23
1132,asg,1,女,2002,2,7
1133,saef,1,男,1978,12,1
1134,sfaefaef,3,女,2014,5,2
1135,gdsg,4,女,1938,11,7
1136,esfe,2,女,1951,8,3
1137,fae,5,男,1984,3,4
1138,eafe,1,女,2005,6,7
1139,ef,2,女,2012,1,22
1140,sdrg,5,男,1977,12,11
1141,sfe,2,女,1959,3,18
1142,aegaef,3,女,1954,2,18
1143,afaege,3,女,2005,5,3
1144,feg,5,男,1971,5,17
1145,afaege,4,女,2010,12,26
1146,sdrg,3,女,2019,12,2
1147,aef,1,男,1974,1,18
1148,awf,5,男,2015,12,21
1149,ae,4,女,1999,4,9
1150,sef,3,女,1967,5,16
1151,sef,1,男,1933,3,8
1152,dth,3,女,1953,6,20
1153,dth,5,女,1938,12,1
1154,dthjth,4,男,1948,5,8
1155,sth,2,男,2007,2,27
1156,ft,4,女,1953,1,9
1157,tfh,4,女,2016,2,13
1158,dfthhdt,3,男,2008,2,28
1159,dfthhdtfth,2,女,2013,6,9
1160,thd,2,女,2003,5,25
1161,hthdf,2,男,1964,1,23
1162,rdgz,4,女,1986,8,17
1163,fdg,4,男,1957,12,17
1164,zgzd,4,女,1937,11,12
1165,zfg,1,女,1990,9,25
1166,esa,4,男,1933,8,4
1167,sffd,5,女,1957,7,3
1168,df,1,女,1965,10,19
1169,fasefa,3,男,2016,9,24
1170,drgdf,3,女,1997,10,28
1171,fse,5,男,1941,4,10
1172,asef,4,女,2006,6,13
1173,aesfaes,5,男,2008,6,6
1174,fesf,2,女,1930,5,17
1175,se,1,男,1999,2,26
1176,asef,4,男,1999,8,21
1177,fas,2,女,2010,4,1
1178,zgzd,4,女,2000,11,24
1179,aesfa,2,女,1966,9,15
1180,awe,4,男,1935,11,11
1181,gzg,5,女,1964,2,20
1182,fsf,1,男,1960,3,25
1183,sg,3,女,1946,11,19
1184,gfdg,2,女,1990,1,28
1185,fg,1,女,1966,3,7
1186,rgd,2,女,1962,8,16
1187,zes,3,男,1980,1,15
1188,hxr,4,女,1991,9,3
1189,dxrg,4,女,2012,5,14
1190,xdr,2,女,2003,10,19
1191,gzseg,2,女,1983,7,6
1192,efs,1,男,1973,3,3
1193,gx,5,女,1954,10,14
1194,rdxg,3,男,2018,10,17
1195,hx,2,男,2015,10,8
1196,sdf,1,男,1940,8,3
1197,hx,2,男,1993,8,2
1198,drg,1,女,1984,7,3
1199,zfgzdrg,1,男,2005,12,8
1200,fsdf,4,女,1998,9,1
1201,aesfd,3,男,1989,5,28
1202,fasefa,3,女,2016,12,24
1203,aeagd,5,女,1931,4,21
1204,aef,3,男,1978,12,27
1205,eaf,2,女,2003,9,8
1206,faefdf,2,男,1977,8,13
1207,daf,4,女,2000,10,7
1208,faefdf,5,男,1945,9,24
1209,fs,1,女,1953,1,24
1210,faefdffa,3,女,1948,6,8
1211,arege,1,男,1994,3,13
1212,ase,4,女,1992,7,9
1213,fasf,5,男,1948,7,19
1214,gfa,1,女,2008,8,5
1215,asf,1,男,2019,10,4
1216,eter,3,男,1978,6,23
1217,esf,1,女,1930,12,28
1218,srgdsrg,3,男,1985,8,8
1219,aefase,2,男,1944,6,5
1220,szf,4,女,1952,4,13
1221,eae,3,女,1947,9,16
1222,dsrgdrg,1,男,1946,2,5
1223,ggase,1,女,1987,9,6
1224,hgdrg,2,女,1943,3,2
1225,fef,1,男,2015,2,9
1226,zsgdrhdth,1,女,2003,3,8
1227,gfe,4,女,1973,10,19
1228,esfa,2,女,1965,8,28
1229,efaeg,1,女,1945,10,10
1230,fasef,3,男,1979,8,12
1231,sef,5,女,1943,10,22
1232,asg,1,女,2003,2,26
1233,saef,4,男,1993,5,20
1234,sfaefaef,5,女,2018,8,28
1235,gdsg,3,女,1972,6,14
1236,esfe,3,女,2016,10,20
1237,fae,4,男,2017,12,2
1238,eafe,2,女,1970,8,22
1239,ef,4,女,1997,8,17
1240,sdrg,1,男,1931,5,26
1241,sfe,4,女,1938,10,28
1242,aegaef,1,女,1934,7,26
1243,afaege,3,女,2007,11,20
1244,feg,5,男,1950,8,28
1245,afaege,1,女,2005,5,14
1246,sdrg,3,女,2004,3,17
1247,aef,2,男,1967,2,26
1248,awf,4,男,1943,4,2
1249,ae,3,女,1942,10,1
1250,sef,1,女,1933,5,22
1251,sef,1,男,1952,9,28
1252,dth,2,女,1999,5,21
1253,dth,2,女,1997,12,13
1254,dthjth,3,男,2009,5,23
1255,sth,5,男,1941,3,10
1256,ft,3,女,1961,2,7
1257,tfh,5,女,1986,1,18
1258,dfthhdt,3,男,1952,5,20
1259,dfthhdtfth,1,女,2015,3,8
1260,thd,5,女,1937,3,14
1261,hthdf,2,男,1940,4,8
1262,rdgz,5,女,1986,8,5
1263,fdg,4,男,1995,5,8
1264,zgzd,5,女,1963,9,12
1265,zfg,2,女,1967,2,19
1266,esa,2,男,1965,9,28
1267,sffd,4,女,2018,3,5
1268,df,1,女,2009,8,25
1269,fasefa,5,男,1984,11,22
1270,drgdf,3,女,1984,5,16
1271,fse,3,男,1943,12,16
1272,asef,3,女,2005,4,20
1273,aesfaes,3,男,1975,5,4
1274,fesf,1,女,1960,1,8
1275,se,5,男,2015,5,20
1276,asef,3,男,1971,6,4
1277,fas,4,女,1971,7,16
1278,zgzd,3,女,1962,5,3
1279,aesfa,5,女,2013,10,7
1280,awe,1,男,1960,6,7
1281,gzg,3,女,1963,11,14
1282,fsf,1,男,1996,11,5
1283,sg,1,女,1943,5,7
1284,gfdg,3,女,1953,11,7
1285,fg,4,女,1931,11,28
1286,rgd,2,女,1951,5,19
1287,zes,5,男,2016,1,1
1288,hxr,2,女,1963,2,18
1289,dxrg,3,女,1958,3,1
1290,xdr,1,女,1967,7,5
1291,gzseg,5,女,1991,4,15
1292,efs,1,男,1981,10,19
1293,gx,1,女,2001,2,20
1294,rdxg,4,男,2003,11,27
1295,hx,2,男,2007,3,27
1296,sdf,4,男,1971,1,28
1297,hx,4,男,1954,4,14
1298,drg,2,女,1987,2,22
1299,zfgzdrg,5,男,2004,5,9
1300,fsdf,5,女,2014,7,28
1301,aesfd,1,男,1946,6,6
1302,fasefa,4,女,1942,4,12
1303,aeagd,2,女,2002,1,15
1304,aef,2,男,2017,3,20
1305,eaf,1,女,2000,7,5
1306,faefdf,4,男,1933,8,2
1307,daf,4,女,1965,8,19
1308,faefdf,5,男,1980,6,17
1309,fs,4,女,1935,10,9
1310,faefdffa,5,女,1969,12,27
1311,arege,5,男,1952,6,24
1312,ase,2,女,1967,8,27
1313,fasf,4,男,2017,6,12
1314,gfa,2,女,1972,12,9
1315,asf,3,男,1996,2,16
1316,eter,1,男,2011,2,12
1317,esf,2,女,1972,11,16
1318,srgdsrg,5,男,1968,5,22
1319,aefase,2,男,2005,4,8
1320,szf,4,女,2011,12,20
1321,eae,1,女,1991,2,6
1322,dsrgdrg,4,男,2019,3,6
1323,ggase,2,女,1988,5,5
1324,hgdrg,3,女,1960,9,19
1325,fef,2,男,2002,2,6
1326,zsgdrhdth,2,女,1948,6,10
1327,gfe,3,女,1959,9,28
1328,esfa,5,女,1988,9,17
1329,efaeg,3,女,1975,2,7
1330,fasef,4,男,1995,5,6
1331,sef,4,女,2002,12,6
1332,asg,3,女,1958,12,26
1333,saef,3,男,1936,1,27
1334,sfaefaef,3,女,2008,10,25
1335,gdsg,4,女,1967,5,25
1336,esfe,3,女,1948,7,24
1337,fae,3,男,1939,6,18
1338,eafe,4,女,1998,6,15
1339,ef,4,女,1961,6,24
1340,sdrg,3,男,2006,6,26
1341,sfe,1,女,1956,8,6
1342,aegaef,2,女,2005,2,24
1343,afaege,1,女,2001,8,9
1344,feg,5,男,2016,2,8
1345,afaege,2,女,1983,12,10
1346,sdrg,4,女,1977,5,27
1347,aef,2,男,1971,12,4
1348,awf,4,男,1942,1,12
1349,ae,1,女,1973,8,17
1350,sef,5,女,1983,5,26
1351,sef,2,男,1959,7,28
1352,dth,2,女,1950,7,18
1353,dth,2,女,1967,5,22
1354,dthjth,1,男,2009,9,18
1355,sth,5,男,1955,1,2
1356,ft,3,女,1956,5,20
1357,tfh,5,女,1932,6,27
1358,dfthhdt,5,男,1941,11,24
1359,dfthhdtfth,3,女,1934,8,22
1360,thd,1,女,1970,1,8
1361,hthdf,2,男,1956,2,28
1362,rdgz,5,女,1969,9,6
1363,fdg,4,男,1956,3,17
1364,zgzd,3,女,1943,2,9
1365,zfg,5,女,1930,5,23
1366,esa,4,男,1933,9,13
1367,sffd,2,女,2010,6,10
1368,df,5,女,1952,12,18
1369,fasefa,4,男,2014,1,14
1370,drgdf,3,女,1987,9,16
1371,fse,2,男,1987,2,19
1372,asef,2,女,1967,6,3
1373,aesfaes,5,男,1984,10,4
1374,fesf,4,女,1952,11,23
1375,se,1,男,2010,5,8
1376,asef,3,男,1960,11,27
1377,fas,1,女,2001,12,6
1378,zgzd,5,女,2006,7,16
1379,aesfa,1,女,2006,5,24
1380,awe,3,男,1946,9,21
1381,gzg,4,女,1947,10,23
1382,fsf,1,男,2002,10,19
1383,sg,4,女,2004,6,19
1384,gfdg,2,女,2016,2,2
1385,fg,4,女,1998,4,13
1386,rgd,4,女,1986,3,15
1387,zes,1,男,1948,11,12
1388,hxr,3,女,1977,11,7
1389,dxrg,1,女,1943,10,13
1390,xdr,4,女,1984,4,23
1391,gzseg,2,女,1943,8,3
1392,efs,4,男,2001,12,9
1393,gx,4,女,1999,2,19
1394,rdxg,1,男,1974,3,4
1395,hx,2,男,1977,9,7
1396,sdf,2,男,1995,2,3
1397,hx,5,男,2002,4,4
1398,drg,4,女,1988,7,10
1399,zfgzdrg,5,男,1953,5,3
1400,fsdf,5,女,1937,12,13
1401,aesfd,4,男,1988,3,9
1402,fasefa,1,女,1950,7,21
1403,aeagd,1,女,2000,7,15
1404,aef,5,男,2011,10,22
1405,eaf,3,女,2013,3,16
1406,faefdf,3,男,1997,4,21
1407,daf,3,女,1961,12,20
1408,faefdf,5,男,1975,6,13
1409,fs,2,女,1936,7,22
1410,faefdffa,2,女,1934,12,8
1411,arege,5,男,2006,9,14
1412,ase,2,女,2017,5,2
1413,fasf,3,男,2019,6,23
1414,gfa,2,女,1997,1,13
1415,asf,3,男,1930,6,22
1416,eter,4,男,1983,5,27
1417,esf,5,女,1996,11,19
1418,srgdsrg,5,男,1983,3,5
1419,aefase,1,男,1930,8,28
1420,szf,5,女,1945,12,2
1421,eae,1,女,2004,10,7
1422,dsrgdrg,5,男,1959,9,25
1423,ggase,3,女,1939,9,23
1424,hgdrg,2,女,1981,2,17
1425,fef,2,男,1932,4,8
1426,zsgdrhdth,3,女,1996,7,11
1427,gfe,1,女,1999,3,22
1428,esfa,1,女,1960,8,5
1429,efaeg,2,女,1936,5,14
1430,fasef,3,男,1974,5,22
1431,sef,1,女,1961,5,10
1432,asg,2,女,2010,6,26
1433,saef,3,男,2004,1,20
1434,sfaefaef,2,女,1938,8,9
1435,gdsg,5,女,2017,6,11
1436,esfe,2,女,1978,1,3
1437,fae,3,男,1971,3,9
1438,eafe,3,女,1999,10,21
1439,ef,1,女,1997,12,16
1440,sdrg,2,男,2011,12,1
1441,sfe,1,女,1950,9,14
1442,aegaef,1,女,1945,8,19
1443,afaege,1,女,1985,8,8
1444,feg,5,男,1966,10,7
1445,afaege,1,女,1977,11,1
1446,sdrg,2,女,1981,6,17
1447,aef,5,男,1931,8,6
1448,awf,3,男,1938,1,2
1449,ae,1,女,2008,2,25
1450,sef,5,女,1939,11,8
1451,sef,3,男,1946,6,11
1452,dth,2,女,1961,4,6
1453,dth,3,女,1982,11,14
1454,dthjth,1,男,2000,11,8
1455,sth,3,男,1978,5,19
1456,ft,4,女,1952,9,19
1457,tfh,4,女,1947,3,26
1458,dfthhdt,3,男,2019,12,4
1459,dfthhdtfth,4,女,2004,3,14
1460,thd,3,女,1998,6,22
1461,hthdf,2,男,2018,3,25
1462,rdgz,5,女,1944,4,13
1463,fdg,4,男,1939,11,23
1464,zgzd,2,女,2012,9,20
1465,zfg,5,女,1982,4,3
1466,esa,3,男,2005,7,4
1467,sffd,2,女,2011,5,25
1468,df,4,女,1993,1,1
1469,fasefa,2,男,1938,1,10
1470,drgdf,2,女,2001,12,13
1471,fse,1,男,1930,6,1
1472,asef,3,女,1986,6,26
1473,aesfaes,4,男,1988,11,25
1474,fesf,2,女,1937,3,8
1475,se,3,男,1987,12,23
1476,asef,3,男,2006,6,1
1477,fas,1,女,1948,10,21
1478,zgzd,1,女,1952,4,5
1479,aesfa,4,女,1954,7,28
1480,awe,2,男,1932,3,12
1481,gzg,1,女,1990,3,10
1482,fsf,1,男,1977,9,17
1483,sg,5,女,1937,2,21
1484,gfdg,3,女,1936,10,22
1485,fg,4,女,1967,6,3
1486,rgd,5,女,1987,4,4
1487,zes,5,男,1959,1,3
1488,hxr,4,女,2019,8,7
1489,dxrg,3,女,1943,6,13
1490,xdr,1,女,1958,4,4
1491,gzseg,4,女,2012,10,3
1492,efs,5,男,1986,2,9
1493,gx,5,女,1985,1,15
1494,rdxg,1,男,2013,9,24
1495,hx,4,男,2015,8,9
1496,sdf,3,男,1947,3,16
1497,hx,1,男,1964,4,26
1498,drg,4,女,1942,12,4
1499,zfgzdrg,2,男,2001,4,25
1500,fsdf,4,女,1974,2,2
1501,aesfd,4,男,1934,9,11
1502,fasefa,2,女,2002,8,19
1503,aeagd,4,女,2012,4,9
1504,aef,2,男,1947,10,21
1505,eaf,3,女,2020,10,8
1506,faefdf,4,男,2014,1,20
1507,daf,2,女,1949,2,18
1508,faefdf,2,男,1960,1,4
1509,fs,2,女,1976,10,17
1510,faefdffa,3,女,1945,10,21
1511,arege,1,男,1984,7,21
1512,ase,5,女,2004,2,5
1513,fasf,2,男,1948,3,12
1514,gfa,4,女,1963,2,19
1515,asf,5,男,1937,10,12
1516,eter,4,男,1967,12,6
1517,esf,3,女,1950,8,21
1518,srgdsrg,5,男,1984,6,21
1519,aefase,2,男,1930,7,10
1520,szf,2,女,1962,5,26
1521,eae,3,女,1964,8,17
1522,dsrgdrg,3,男,1941,4,16
1523,ggase,3,女,1930,1,5
1524,hgdrg,2,女,1998,7,16
1525,fef,4,男,1977,7,5
1526,zsgdrhdth,2,女,1938,9,25
1527,gfe,3,女,1936,4,2
1528,esfa,4,女,1957,9,17
1529,efaeg,4,女,1950,9,6
1530,fasef,3,男,1980,6,13
1531,sef,5,女,1942,12,11
1532,asg,3,女,1943,2,15
1533,saef,3,男,1948,12,4
1534,sfaefaef,4,女,1951,10,4
1535,gdsg,1,女,1998,2,5
1536,esfe,3,女,1971,4,26
1537,fae,2,男,1974,8,21
1538,eafe,2,女,2006,7,12
1539,ef,2,女,2003,12,17
1540,sdrg,5,男,1985,6,9
1541,sfe,4,女,1937,1,6
1542,aegaef,1,女,1969,10,28
1543,afaege,2,女,1967,5,6
1544,feg,1,男,1939,9,2
1545,afaege,4,女,1964,9,28
1546,sdrg,3,女,2012,1,5
1547,aef,5,男,1965,6,3
1548,awf,5,男,1997,8,27
1549,ae,1,女,2017,7,12
1550,sef,2,女,1965,10,26
1551,sef,5,男,1988,11,22
1552,dth,3,女,1997,3,10
1553,dth,2,女,1967,2,4
1554,dthjth,2,男,2019,9,27
1555,sth,3,男,2017,1,9
1556,ft,4,女,2001,7,22
1557,tfh,2,女,2001,5,22
1558,dfthhdt,5,男,1960,1,2
1559,dfthhdtfth,5,女,1966,12,9
1560,thd,4,女,2019,10,12
1561,hthdf,2,男,1947,3,1
1562,rdgz,4,女,1967,4,10
1563,fdg,1,男,1979,8,27
1564,zgzd,1,女,1965,2,13
1565,zfg,1,女,1976,12,27
1566,esa,1,男,1978,7,7
1567,sffd,2,女,1937,3,25
1568,df,4,女,1960,2,10
1569,fasefa,4,男,1930,7,4
1570,drgdf,2,女,2002,10,6
1571,fse,1,男,1986,6,16
1572,asef,4,女,1936,9,28
1573,aesfaes,5,男,1954,6,15
1574,fesf,2,女,1980,3,21
1575,se,3,男,1935,6,27
1576,asef,2,男,1970,9,12
1577,fas,1,女,1979,11,27
1578,zgzd,5,女,1941,9,2
1579,aesfa,3,女,1980,7,3
1580,awe,1,男,1960,5,25
1581,gzg,2,女,2005,6,25
1582,fsf,3,男,1950,9,21
1583,sg,1,女,1949,5,19
1584,gfdg,3,女,1937,1,12
1585,fg,2,女,1955,2,7
1586,rgd,2,女,2016,7,18
1587,zes,5,男,1964,6,21
1588,hxr,3,女,1977,9,6
1589,dxrg,1,女,1994,5,26
1590,xdr,3,女,1982,5,5
1591,gzseg,1,女,1937,7,1
1592,efs,2,男,1998,10,4
1593,gx,3,女,2002,2,25
1594,rdxg,3,男,1959,7,15
1595,hx,4,男,1993,8,9
1596,sdf,4,男,1976,2,17
1597,hx,1,男,1995,10,16
1598,drg,2,女,1955,9,16
1599,zfgzdrg,5,男,1989,12,15
1600,fsdf,1,女,1980,1,15
1601,aesfd,4,男,2012,12,21
1602,fasefa,5,女,1984,10,20
1603,aeagd,3,女,2019,5,15
1604,aef,1,男,1994,1,21
1605,eaf,5,女,2016,7,16
1606,faefdf,3,男,1967,8,28
1607,daf,3,女,1961,6,16
1608,faefdf,1,男,1954,11,5
1609,fs,2,女,2013,10,21
1610,faefdffa,4,女,1962,3,19
1611,arege,1,男,1966,11,16
1612,ase,4,女,1993,4,12
1613,fasf,4,男,1950,12,20
1614,gfa,4,女,1987,12,7
1615,asf,4,男,1972,4,2
1616,eter,3,男,2019,4,27
1617,esf,2,女,1980,12,16
1618,srgdsrg,4,男,1961,5,7
1619,aefase,4,男,1942,4,18
1620,szf,3,女,1971,12,10
1621,eae,3,女,1974,2,19
1622,dsrgdrg,3,男,1964,9,1
1623,ggase,5,女,1987,4,21
1624,hgdrg,2,女,1998,6,28
1625,fef,2,男,2018,5,24
1626,zsgdrhdth,2,女,2006,4,10
1627,gfe,3,女,2000,3,22
1628,esfa,4,女,1971,10,19
1629,efaeg,3,女,1965,7,10
1630,fasef,4,男,1953,7,25
1631,sef,1,女,1950,3,6
1632,asg,4,女,1997,7,16
1633,saef,3,男,2010,3,23
1634,sfaefaef,3,女,1934,9,1
1635,gdsg,3,女,1951,2,19
1636,esfe,3,女,1957,11,4
1637,fae,1,男,1967,12,10
1638,eafe,5,女,1983,10,18
1639,ef,1,女,1975,11,19
1640,sdrg,5,男,1980,4,5
1641,sfe,2,女,2017,8,23
1642,aegaef,1,女,1981,8,1
1643,afaege,3,女,1931,7,16
1644,feg,1,男,1956,2,23
1645,afaege,1,女,1997,3,7
1646,sdrg,4,女,1988,4,9
1647,aef,2,男,1987,12,27
1648,awf,3,男,2006,3,8
1649,ae,4,女,1931,1,20
1650,sef,3,女,1994,6,7
1651,sef,4,男,2017,1,6
1652,dth,2,女,1979,6,13
1653,dth,4,女,1999,12,21
1654,dthjth,5,男,1986,2,11
1655,sth,3,男,2013,12,22
1656,ft,3,女,2014,8,5
1657,tfh,3,女,1967,12,19
1658,dfthhdt,2,男,1956,12,10
1659,dfthhdtfth,1,女,1970,3,28
1660,thd,2,女,1968,7,11
1661,hthdf,2,男,1942,1,27
1662,rdgz,2,女,1973,12,13
1663,fdg,2,男,2000,1,12
1664,zgzd,2,女,1952,8,11
1665,zfg,3,女,1947,2,12
1666,esa,3,男,1986,2,22
1667,sffd,4,女,2011,3,5
1668,df,1,女,1998,12,2
1669,fasefa,1,男,1952,1,24
1670,drgdf,4,女,1930,2,1
1671,fse,5,男,1990,4,5
1672,asef,3,女,1998,10,6
1673,aesfaes,1,男,1935,3,9
1674,fesf,3,女,1989,7,23
1675,se,1,男,1968,2,28
1676,asef,2,男,1978,11,13
1677,fas,5,女,1969,12,12
1678,zgzd,3,女,1969,11,8
1679,aesfa,4,女,1951,6,12
1680,awe,1,男,1952,5,12
1681,gzg,1,女,1954,6,16
1682,fsf,5,男,1931,12,10
1683,sg,2,女,1939,7,7
1684,gfdg,3,女,2012,8,21
1685,fg,1,女,2013,11,19
1686,rgd,5,女,1950,10,20
1687,zes,5,男,1967,5,11
1688,hxr,3,女,1977,8,20
1689,dxrg,4,女,2002,9,20
1690,xdr,1,女,1958,12,8
1691,gzseg,5,女,1963,8,24
1692,efs,1,男,1976,2,14
1693,gx,4,女,1969,12,1
1694,rdxg,5,男,1937,8,23
1695,hx,2,男,1930,2,8
1696,sdf,4,男,1938,7,17
1697,hx,3,男,1942,3,3
1698,drg,2,女,2009,3,10
1699,zfgzdrg,1,男,1959,1,6
1700,fsdf,5,女,2002,9,5
1701,aesfd,3,男,1938,1,3
1702,fasefa,1,女,1947,3,13
1703,aeagd,4,女,1975,9,7
1704,aef,1,男,1947,11,8
1705,eaf,1,女,1999,8,4
1706,faefdf,2,男,2000,1,3
1707,daf,2,女,2001,4,16
1708,faefdf,2,男,1986,7,14
1709,fs,3,女,2010,11,3
1710,faefdffa,5,女,1956,9,2
1711,arege,5,男,1936,11,15
1712,ase,3,女,2018,3,17
1713,fasf,1,男,1970,7,5
1714,gfa,3,女,1982,7,28
1715,asf,4,男,1961,4,18
1716,eter,2,男,2000,5,26
1717,esf,1,女,1953,10,9
1718,srgdsrg,1,男,1995,8,12
1719,aefase,5,男,1997,9,12
1720,szf,4,女,1993,3,28
1721,eae,3,女,2020,6,21
1722,dsrgdrg,3,男,1972,12,23
1723,ggase,1,女,2008,11,14
1724,hgdrg,5,女,1954,10,7
1725,fef,4,男,1970,1,10
1726,zsgdrhdth,4,女,1942,4,11
1727,gfe,2,女,1983,12,17
1728,esfa,1,女,1996,10,19
1729,efaeg,4,女,1977,2,21
1730,fasef,4,男,1980,11,23
1731,sef,5,女,2005,9,2
1732,asg,4,女,1979,6,6
1733,saef,4,男,1938,10,9
1734,sfaefaef,2,女,2005,4,14
1735,gdsg,1,女,1978,5,12
1736,esfe,2,女,1942,8,3
1737,fae,1,男,1991,12,8
1738,eafe,2,女,2002,8,15
1739,ef,3,女,2020,7,19
1740,sdrg,5,男,1943,7,26
1741,sfe,5,女,1980,5,19
1742,aegaef,3,女,1997,12,18
1743,afaege,4,女,1939,8,3
1744,feg,1,男,1956,7,7
1745,afaege,5,女,2009,10,3
1746,sdrg,2,女,1975,11,17
1747,aef,4,男,1948,10,28
1748,awf,5,男,1979,12,9
1749,ae,2,女,2004,12,10
1750,sef,4,女,1953,3,15
1751,sef,4,男,1941,1,28
1752,dth,1,女,2010,4,16
1753,dth,2,女,1962,12,8
1754,dthjth,4,男,1993,11,11
1755,sth,2,男,2014,11,1
1756,ft,1,女,1945,10,27
1757,tfh,5,女,1957,3,11
1758,dfthhdt,3,男,2006,2,2
1759,dfthhdtfth,3,女,1931,3,11
1760,thd,2,女,1937,8,3
1761,hthdf,5,男,1964,2,18
1762,rdgz,1,女,1982,1,24
1763,fdg,4,男,2015,3,20
1764,zgzd,2,女,1982,5,12
1765,zfg,1,女,1967,6,28
1766,esa,3,男,2012,4,18
1767,sffd,2,女,1975,2,14
1768,df,2,女,1935,6,6
1769,fasefa,2,男,1987,7,2
1770,drgdf,3,女,1942,1,6
1771,fse,3,男,2015,5,5
1772,asef,1,女,1984,3,3
1773,aesfaes,1,男,1984,7,12
1774,fesf,5,女,1955,11,8
1775,se,4,男,1969,12,7
1776,asef,3,男,1996,9,12
1777,fas,4,女,1967,7,14
1778,zgzd,1,女,1953,9,6
1779,aesfa,4,女,1990,3,17
1780,awe,4,男,1973,3,27
1781,gzg,1,女,1948,8,24
1782,fsf,5,男,1932,3,4
1783,sg,1,女,2002,10,24
1784,gfdg,2,女,1958,3,21
1785,fg,3,女,2016,7,10
1786,rgd,4,女,1963,11,27
1787,zes,2,男,2007,3,2
1788,hxr,5,女,1974,4,4
1789,dxrg,4,女,1983,5,4
1790,xdr,5,女,1999,3,1
1791,gzseg,1,女,2006,6,14
1792,efs,5,男,1946,2,5
1793,gx,3,女,1956,5,5
1794,rdxg,4,男,1963,3,13
1795,hx,4,男,2001,3,16
1796,sdf,2,男,1968,7,25
1797,hx,3,男,1991,7,2
1798,drg,1,女,1977,12,27
1799,zfgzdrg,4,男,1935,6,3
1800,fsdf,3,女,2004,6,1
1801,aesfd,5,男,2007,3,4
1802,fasefa,5,女,1932,6,12
1803,aeagd,2,女,1976,11,21
1804,aef,2,男,1969,1,25
1805,eaf,3,女,1991,9,26
1806,faefdf,3,男,1938,6,2
1807,daf,1,女,1967,10,11
1808,faefdf,1,男,1960,3,24
1809,fs,5,女,2011,8,9
1810,faefdffa,1,女,1985,9,13
1811,arege,2,男,1973,7,20
1812,ase,5,女,1934,4,14
1813,fasf,1,男,1980,8,28
1814,gfa,4,女,1941,2,25
1815,asf,3,男,1949,4,28
1816,eter,1,男,1932,2,24
1817,esf,2,女,1992,7,14
1818,srgdsrg,1,男,1950,8,15
1819,aefase,3,男,2007,7,5
1820,szf,3,女,1933,1,12
1821,eae,1,女,1986,2,21
1822,dsrgdrg,4,男,1995,1,16
1823,ggase,4,女,1992,3,28
1824,hgdrg,1,女,2005,7,17
1825,fef,3,男,1978,10,3
1826,zsgdrhdth,1,女,1953,5,18
1827,gfe,4,女,1969,11,3
1828,esfa,2,女,2010,7,7
1829,efaeg,3,女,2018,8,7
1830,fasef,1,男,1954,6,25
1831,sef,4,女,2014,2,11
1832,asg,4,女,1930,11,24
1833,saef,2,男,1931,10,28
1834,sfaefaef,3,女,2000,1,10
1835,gdsg,2,女,1984,4,21
1836,esfe,2,女,1992,10,7
1837,fae,3,男,1968,3,8
1838,eafe,2,女,1932,7,7
1839,ef,5,女,1954,4,13
1840,sdrg,4,男,1991,5,14
1841,sfe,5,女,1969,10,25
1842,aegaef,5,女,1931,8,6
1843,afaege,1,女,1934,12,28
1844,feg,1,男,1982,1,9
1845,afaege,4,女,1942,9,19
1846,sdrg,1,女,1985,3,3
1847,aef,2,男,1955,1,23
1848,awf,3,男,1947,5,9
1849,ae,1,女,1955,7,14
1850,sef,5,女,1978,8,27
1851,sef,5,男,1993,10,4
1852,dth,3,女,1931,2,6
1853,dth,5,女,1965,4,7
1854,dthjth,2,男,2002,9,20
1855,sth,2,男,2018,12,3
1856,ft,3,女,1967,5,22
1857,tfh,2,女,1947,11,7
1858,dfthhdt,2,男,1999,11,25
1859,dfthhdtfth,1,女,1952,6,7
1860,thd,1,女,1970,4,13
1861,hthdf,2,男,1997,6,14
1862,rdgz,3,女,1982,11,19
1863,fdg,3,男,1952,9,1
1864,zgzd,3,女,1986,3,28
1865,zfg,3,女,2003,3,28
1866,esa,3,男,2004,8,23
1867,sffd,3,女,1959,7,20
1868,df,2,女,1953,2,10
1869,fasefa,5,男,1964,8,5
1870,drgdf,1,女,2003,2,6
1871,fse,4,男,1958,9,8
1872,asef,2,女,1936,7,17
1873,aesfaes,4,男,1980,7,23
1874,fesf,3,女,1994,5,6
1875,se,1,男,1992,6,14
1876,asef,1,男,1948,2,6
1877,fas,2,女,1931,2,22
1878,zgzd,3,女,1988,11,16
1879,aesfa,5,女,1954,12,9
1880,awe,5,男,1972,4,9
1881,gzg,5,女,2012,5,2
1882,fsf,4,男,1943,3,10
1883,sg,2,女,1967,4,27
1884,gfdg,5,女,1975,5,16
1885,fg,2,女,1971,4,1
1886,rgd,2,女,1969,6,21
1887,zes,3,男,2002,4,1
1888,hxr,4,女,1934,6,13
1889,dxrg,1,女,2020,10,14
1890,xdr,4,女,1984,7,1
1891,gzseg,5,女,1967,5,25
1892,efs,3,男,1978,10,19
1893,gx,4,女,1953,1,13
1894,rdxg,5,男,1930,7,26
1895,hx,2,男,2013,11,16
1896,sdf,5,男,1948,10,17
1897,hx,3,男,1963,12,16
1898,drg,4,女,2007,5,24
1899,zfgzdrg,2,男,1990,12,19
1900,fsdf,5,女,2019,3,14
1901,aesfd,3,男,1952,2,8
1902,fasefa,3,女,1962,1,3
1903,aeagd,5,女,1972,12,19
1904,aef,4,男,1932,6,1
1905,eaf,3,女,1977,10,2
1906,faefdf,3,男,1953,9,13
1907,daf,2,女,1995,3,10
1908,faefdf,3,男,1956,5,8
1909,fs,3,女,1980,12,15
1910,faefdffa,2,女,1996,2,6
1911,arege,1,男,1953,9,25
1912,ase,1,女,1990,6,14
1913,fasf,4,男,2015,2,6
1914,gfa,2,女,1983,4,10
1915,asf,5,男,2002,6,18
1916,eter,3,男,2001,12,28
1917,esf,5,女,2004,6,9
1918,srgdsrg,5,男,1984,3,2
1919,aefase,4,男,1964,12,12
1920,szf,4,女,1978,2,11
1921,eae,4,女,2005,10,16
1922,dsrgdrg,3,男,1939,10,1
1923,ggase,2,女,1933,2,22
1924,hgdrg,2,女,1940,3,24
1925,fef,1,男,1968,10,7
1926,zsgdrhdth,1,女,1932,7,17
1927,gfe,4,女,1972,10,1
1928,esfa,1,女,1948,5,22
1929,efaeg,2,女,1951,8,3
1930,fasef,4,男,1981,6,6
1931,sef,1,女,1991,9,26
1932,asg,3,女,1931,9,24
1933,saef,1,男,1968,6,16
1934,sfaefaef,2,女,1979,5,22
1935,gdsg,1,女,1996,6,26
1936,esfe,4,女,1991,9,26
1937,fae,1,男,1946,9,26
1938,eafe,1,女,1991,7,23
1939,ef,4,女,1994,11,1
1940,sdrg,5,男,1941,7,11
1941,sfe,2,女,1994,11,11
1942,aegaef,2,女,2003,1,4
1943,afaege,1,女,1955,1,11
1944,feg,4,男,1935,8,14
1945,afaege,5,女,1999,6,27
1946,sdrg,1,女,1990,8,22
1947,aef,3,男,1958,7,25
1948,awf,3,男,1988,2,28
1949,ae,2,女,1964,8,14
1950,sef,5,女,1987,4,7
1951,sef,2,男,1997,12,11
1952,dth,5,女,1987,9,4
1953,dth,5,女,1973,11,8
1954,dthjth,3,男,2001,2,15
1955,sth,5,男,1983,2,18
1956,ft,4,女,1932,10,26
1957,tfh,1,女,2006,9,1
1958,dfthhdt,2,男,1938,7,9
1959,dfthhdtfth,5,女,1977,11,18
1960,thd,4,女,1958,10,27
1961,hthdf,4,男,1933,6,22
1962,rdgz,4,女,1954,2,25
1963,fdg,1,男,1933,8,11
1964,zgzd,5,女,1963,4,22
1965,zfg,3,女,2019,9,11
1966,esa,5,男,1966,6,16
1967,sffd,4,女,1991,7,22
1968,df,4,女,1943,9,13
1969,fasefa,4,男,2004,9,2
1970,drgdf,5,女,2009,12,27
1971,fse,2,男,1986,7,9
1972,asef,5,女,1993,12,17
1973,aesfaes,2,男,2009,3,14
1974,fesf,4,女,1952,9,15
1975,se,3,男,1985,3,11
1976,asef,4,男,1952,1,9
1977,fas,2,女,1937,10,14
1978,zgzd,5,女,1977,7,16
1979,aesfa,4,女,2010,2,18
1980,awe,1,男,1969,9,19
1981,gzg,3,女,1958,4,23
1982,fsf,3,男,1969,11,16
1983,sg,2,女,2015,3,27
1984,gfdg,4,女,1987,4,9
1985,fg,2,女,1980,8,3
1986,rgd,4,女,2015,12,15
1987,zes,5,男,2011,12,26
1988,hxr,1,女,1935,6,27
1989,dxrg,3,女,1948,12,20
1990,xdr,3,女,1983,4,9
1991,gzseg,2,女,1970,2,23
1992,efs,3,男,2009,8,9
1993,gx,1,女,1993,7,24
1994,rdxg,2,男,1997,10,10
1995,hx,1,男,1977,9,9
1996,sdf,5,男,1984,4,17
1997,hx,1,男,1943,7,16
1998,drg,5,女,2018,4,6
1999,zfgzdrg,5,男,2005,1,3
2000,fsdf,3,女,1962,7,23
